algorithm,training_seed,stage,episode_id,scale,return,survival_seconds,dropped,signed_angle,speed_fixed_window,speed_alive
ppo,1,teacher,0.8/10001/0,0.8,-2.759994341060519,3.1500000000000004,1.0,-1.633758096722886,-0.0816879048361443,-0.5186533640390114
ppo,1,teacher,0.9/10001/0,0.9,-0.19422516971826553,0.15000000000000002,1.0,-0.17900192365050316,-0.008950096182525158,-1.1933461576700208
ppo,1,teacher,1/10001/0,1.0,-1.9912546270061284,3.0,1.0,-0.9396205988159636,-0.04698102994079818,-0.31320686627198785
ppo,1,teacher,1.1/10001/0,1.1,1.0988216996192932,3.7,1.0,0.6334099052473903,0.031670495262369515,0.17119186628307845
ppo,1,teacher,1.2/10001/0,1.2,-4.347896593157202,4.2,1.0,-0.7996555416684714,-0.03998277708342357,-0.19039417658773128
ppo,1,teacher,1.3/10001/0,1.3,-2.2282542940229177,4.3,1.0,0.053734246946987696,0.002686712347349385,0.012496336499299465
ppo,1,teacher,1.4/10001/0,1.4,0.8090001903474331,1.9500000000000002,1.0,0.24427334863503347,0.012213667431751674,0.12526838391540177
ppo,1,teacher,1.5/10001/0,1.5,-2.400582264410332,5.25,1.0,-0.18014688394760014,-0.009007344197380007,-0.034313692180495264
ppo,1,student,0.8/10001/0,0.8,-3.08481379551813,3.1500000000000004,1.0,-2.518541296478361,-0.12592706482391805,-0.7995369195169398
ppo,1,student,0.9/10001/0,0.9,-0.19191674143075943,0.15000000000000002,1.0,-0.1469298917800188,-0.00734649458900094,-0.9795326118667919
ppo,1,student,1/10001/0,1.0,-1.8847672562114894,2.95,1.0,-0.907911363436142,-0.0453955681718071,-0.3077665638766583
ppo,1,student,1.1/10001/0,1.1,1.111327002523467,3.7,1.0,0.6443334460491315,0.032216672302456575,0.17414417460787335
ppo,1,student,1.2/10001/0,1.2,-4.216001110617071,4.1000000000000005,1.0,-0.8601024285736116,-0.043005121428680584,-0.20978108013990526
ppo,1,student,1.3/10001/0,1.3,-2.4512209726963192,4.75,1.0,0.23519920805847505,0.011759960402923753,0.049515622749152645
ppo,1,student,1.4/10001/0,1.4,0.688052789773792,1.9500000000000002,1.0,0.14360801596194506,0.007180400798097253,0.07364513639074105
ppo,1,student,1.5/10001/0,1.5,-2.1933396798558533,6.050000000000001,1.0,0.3460910448629875,0.017304552243149373,0.05720513138231197
ppo,2,teacher,0.8/10001/0,0.8,-1.9206723980605602,4.2,1.0,0.7158968198345974,0.03579484099172987,0.17045162377014222
ppo,2,teacher,0.9/10001/0,0.9,0.26046230597421527,1.0,1.0,0.11130875238450244,0.005565437619225122,0.11130875238450244
ppo,2,teacher,1/10001/0,1.0,-0.22652264684438705,0.5,1.0,-0.11580865737050772,-0.005790432868525386,-0.23161731474101543
ppo,2,teacher,1.1/10001/0,1.1,1.0897100772708654,2.3000000000000003,1.0,0.19320998519833665,0.009660499259916832,0.08400434139058115
ppo,2,teacher,1.2/10001/0,1.2,-0.3476074575446546,2.8000000000000003,1.0,0.21881924857734703,0.010940962428867352,0.07814973163476678
ppo,2,teacher,1.3/10001/0,1.3,0.6916248546913266,2.0500000000000003,1.0,0.1049758037988795,0.005248790189943975,0.05120770917018511
ppo,2,teacher,1.4/10001/0,1.4,0.7195716807618737,2.25,1.0,0.17853121436201036,0.008926560718100518,0.07934720638311571
ppo,2,teacher,1.5/10001/0,1.5,-0.012426038272678852,2.0,1.0,-0.8230011381092481,-0.041150056905462404,-0.41150056905462407
ppo,2,student,0.8/10001/0,0.8,-1.855889672646299,4.1000000000000005,1.0,1.0673448762099724,0.05336724381049862,0.26032801858779814
ppo,2,student,0.9/10001/0,0.9,0.2397971572354436,1.05,1.0,0.11587760569818784,0.005793880284909392,0.1103596244744646
ppo,2,student,1/10001/0,1.0,-0.3206241112202406,0.45,1.0,-0.23005405254662037,-0.011502702627331019,-0.5112312278813785
ppo,2,student,1.1/10001/0,1.1,0.8925279462710023,2.2,1.0,0.1233801539929118,0.00616900769964559,0.056081888178596266
ppo,2,student,1.2/10001/0,1.2,-0.36145216738805175,2.8000000000000003,1.0,0.2101324342947919,0.010506621714739595,0.07504729796242567
ppo,2,student,1.3/10001/0,1.3,0.536454388871789,2.1,1.0,0.021202995387284318,0.0010601497693642158,0.010096664470135389
ppo,2,student,1.4/10001/0,1.4,0.5162526341155171,2.1,1.0,0.07945317277335562,0.0039726586386677806,0.03783484417778839
ppo,2,student,1.5/10001/0,1.5,-0.11101425671949983,2.0,1.0,-1.017665099221631,-0.05088325496108155,-0.5088325496108155
ppo,3,teacher,0.8/10001/0,0.8,0.35827678767964244,1.5,1.0,0.32521718720090576,0.016260859360045288,0.21681145813393718
ppo,3,teacher,0.9/10001/0,0.9,-0.09816047037020326,1.05,1.0,-0.3822583323926665,-0.019112916619633324,-0.36405555465968237
ppo,3,teacher,1/10001/0,1.0,-0.26621334720402956,0.35000000000000003,1.0,-0.19195184716954827,-0.009597592358477413,-0.5484338490558521
ppo,3,teacher,1.1/10001/0,1.1,-0.16024043830111623,3.5,1.0,1.6190437319746707,0.08095218659873353,0.4625839234213345
ppo,3,teacher,1.2/10001/0,1.2,0.7088080272078514,2.2,1.0,-0.5664515573298559,-0.028322577866492792,-0.2574779806044799
ppo,3,teacher,1.3/10001/0,1.3,1.1059460937976837,1.6,1.0,0.291948337078793,0.014597416853939648,0.1824677106742456
ppo,3,teacher,1.4/10001/0,1.4,0.03916798019781709,1.5,1.0,-0.12701545461823116,-0.006350772730911558,-0.08467696974548744
ppo,3,teacher,1.5/10001/0,1.5,0.18276232574135065,1.55,1.0,0.0009284317948186072,4.642158974093036e-05,0.0005989882547216821
ppo,3,student,0.8/10001/0,0.8,0.3556222952902317,1.5,1.0,0.39071061013964936,0.01953553050698247,0.2604737400930996
ppo,3,student,0.9/10001/0,0.9,-0.12514676293358207,1.05,1.0,-0.3227192352642305,-0.016135961763211526,-0.3073516526326005
ppo,3,student,1/10001/0,1.0,-0.2701398804783821,0.35000000000000003,1.0,-0.1912238118238747,-0.009561190591193735,-0.5463537480682135
ppo,3,student,1.1/10001/0,1.1,-0.23880227282643318,3.5,1.0,1.6502258396867546,0.08251129198433774,0.47149309705335846
ppo,3,student,1.2/10001/0,1.2,1.1638701250776649,2.15,1.0,2.0308424496324733,0.10154212248162367,0.9445778835499876
ppo,3,student,1.3/10001/0,1.3,1.0683285389095545,1.6500000000000001,1.0,0.13281499987351708,0.006640749993675854,0.08049393931728308
ppo,3,student,1.4/10001/0,1.4,-0.06724119232967496,1.4000000000000001,1.0,-0.1301429783925414,-0.006507148919627071,-0.09295927028038671
ppo,3,student,1.5/10001/0,1.5,0.16620536614209414,1.55,1.0,0.10348936626269278,0.0051744683131346395,0.06676733307270502
appo,1,teacher,0.8/10001/0,0.8,-0.7119140380527824,2.15,1.0,0.7770368385827169,0.03885184192913584,0.3614124830617288
appo,1,teacher,0.9/10001/0,0.9,0.06910186959430575,0.2,1.0,0.10513940243981779,0.005256970121990889,0.5256970121990889
appo,1,teacher,1/10001/0,1.0,0.8740571709349751,1.1,1.0,1.3689601693768054,0.06844800846884028,1.2445092448880049
appo,1,teacher,1.1/10001/0,1.1,-0.25311728892847896,2.5500000000000003,1.0,-0.0962470989106805,-0.004812354945534026,-0.037743960357129604
appo,1,teacher,1.2/10001/0,1.2,-7.915551063138992,4.25,1.0,-0.2306671965343412,-0.01153335982671706,-0.05427463447866852
appo,1,teacher,1.3/10001/0,1.3,-1.293305294122547,2.6500000000000004,1.0,-0.7081503629451618,-0.03540751814725809,-0.26722655205477797
appo,1,teacher,1.4/10001/0,1.4,-1.5620545907877386,3.9000000000000004,1.0,0.4402289682184346,0.02201144841092173,0.11287922262011142
appo,1,teacher,1.5/10001/0,1.5,-8.104273652657866,3.25,1.0,1.4992012998991413,0.07496006499495707,0.4612927076612742
appo,1,student,0.8/10001/0,0.8,-0.697346143424511,1.9000000000000001,1.0,0.5222588299657218,0.02611294149828609,0.27487306840301146
appo,1,student,0.9/10001/0,0.9,0.07323548384010792,0.2,1.0,0.08294978260528296,0.004147489130264148,0.4147489130264148
appo,1,student,1/10001/0,1.0,0.8632318824529648,1.1,1.0,1.3161403906997293,0.06580701953498647,1.1964912642724812
appo,1,student,1.1/10001/0,1.1,-0.19422027422115207,2.5,1.0,-0.08905160034191795,-0.004452580017095897,-0.035620640136767176
appo,1,student,1.2/10001/0,1.2,-8.255587303545326,4.45,1.0,-0.06704350491054356,-0.0033521752455271782,-0.01506595615967271
appo,1,student,1.3/10001/0,1.3,-1.1169863604009151,2.0500000000000003,1.0,-1.172759538050741,-0.058637976902537046,-0.5720778234393857
appo,1,student,1.4/10001/0,1.4,-2.522632770705968,4.15,1.0,-0.015289861723431386,-0.0007644930861715693,-0.0036843040297425025
appo,1,student,1.5/10001/0,1.5,-10.276063913479447,3.5,1.0,2.0336375064216554,0.10168187532108278,0.5810392875490444
appo,2,teacher,0.8/10001/0,0.8,-1.9363359529525042,1.75,1.0,-2.2986354464665055,-0.11493177232332527,-1.3135059694094318
appo,2,teacher,0.9/10001/0,0.9,-0.10176189616322517,0.25,1.0,0.014202232472598553,0.0007101116236299277,0.05680892989039421
appo,2,teacher,1/10001/0,1.0,-0.1360059231519699,0.25,1.0,-0.1121313264593482,-0.00560656632296741,-0.4485253058373928
appo,2,teacher,1.1/10001/0,1.1,0.10501092858612537,0.8500000000000001,1.0,-0.007883856625994667,-0.0003941928312997334,-0.009275125442346667
appo,2,teacher,1.2/10001/0,1.2,-0.5989011647179723,1.2000000000000002,1.0,-0.2849911599114421,-0.014249557995572103,-0.23749263325953504
appo,2,teacher,1.3/10001/0,1.3,-0.40697953943163157,0.5,1.0,-0.7682752632827032,-0.03841376316413516,-1.5365505265654065
appo,2,teacher,1.4/10001/0,1.4,0.4844851968809962,0.75,1.0,0.14348562947270693,0.0071742814736353465,0.19131417263027592
appo,2,teacher,1.5/10001/0,1.5,-0.14568224549293518,0.8,1.0,-0.7724194378533866,-0.03862097189266933,-0.9655242973167333
appo,2,student,0.8/10001/0,0.8,-2.0432061944156885,1.8,1.0,-2.159356622491032,-0.10796783112455159,-1.1996425680505733
appo,2,student,0.9/10001/0,0.9,-0.07821160973981023,0.25,1.0,-0.005883495323359966,-0.0002941747661679983,-0.023533981293439865
appo,2,student,1/10001/0,1.0,-0.015420997515320778,0.25,1.0,0.23231804184615612,0.011615902092307806,0.9292721673846245
appo,2,student,1.1/10001/0,1.1,0.18325927527621388,0.9,1.0,0.02558012498775497,0.0012790062493877486,0.02842236109750552
appo,2,student,1.2/10001/0,1.2,-0.6011262508109212,1.2000000000000002,1.0,-0.19204101618379354,-0.009602050809189678,-0.16003418015316126
appo,2,student,1.3/10001/0,1.3,-0.4001805763691664,0.5,1.0,-0.6980188958477811,-0.03490094479238905,-1.3960377916955622
appo,2,student,1.4/10001/0,1.4,0.42958764429204166,0.8500000000000001,1.0,0.10929310553910909,0.005464655276955455,0.12858012416365774
appo,2,student,1.5/10001/0,1.5,-0.12870849948376417,0.8,1.0,-0.7314686076351791,-0.036573430381758955,-0.9143357595439738
appo,3,teacher,0.8/10001/0,0.8,0.4099554968997836,1.35,1.0,1.0674464513431303,0.053372322567156516,0.7907010750689853
appo,3,teacher,0.9/10001/0,0.9,0.3346879342570901,0.9500000000000001,1.0,-0.02964026271365583,-0.0014820131356827915,-0.031200276540690346
appo,3,teacher,1/10001/0,1.0,-9.410455822944641e-05,0.2,1.0,0.0014233598485589027,7.116799242794514e-05,0.007116799242794514
appo,3,teacher,1.1/10001/0,1.1,-6.779778922442347,6.6000000000000005,1.0,1.0927688923111418,0.05463844461555709,0.16557104428956693
appo,3,teacher,1.2/10001/0,1.2,-2.8200509347952902,4.15,1.0,3.23266678755499,0.1616333393777495,0.7789558524228891
appo,3,teacher,1.3/10001/0,1.3,-0.5047766231000423,0.5,1.0,-0.792381719686091,-0.039619085984304546,-1.584763439372182
appo,3,teacher,1.4/10001/0,1.4,-0.0883442759513855,0.25,1.0,-0.082947485614568,-0.004147374280728399,-0.331789942458272
appo,3,teacher,1.5/10001/0,1.5,-0.021333695854991674,1.35,1.0,-0.15285640046931803,-0.007642820023465902,-0.11322696331060594
appo,3,student,0.8/10001/0,0.8,0.28304709307849407,1.35,1.0,0.3181299204406969,0.015906496022034845,0.2356517929190347
appo,3,student,0.9/10001/0,0.9,0.4365177107974887,1.0,1.0,0.13840771978721023,0.006920385989360511,0.13840771978721023
appo,3,student,1/10001/0,1.0,-0.056241633370518684,0.2,1.0,0.04905569599941373,0.0024527847999706864,0.24527847999706864
appo,3,student,1.1/10001/0,1.1,1.5607208907604218,2.0,1.0,0.516664914553985,0.02583324572769925,0.2583324572769925
appo,3,student,1.2/10001/0,1.2,-3.322727417573333,3.8000000000000003,1.0,0.9684139640739886,0.04842069820369943,0.25484578001947067
appo,3,student,1.3/10001/0,1.3,-0.5175906997174025,0.45,1.0,-0.9027195032685995,-0.04513597516342997,-2.0060433405968876
appo,3,student,1.4/10001/0,1.4,-0.12184384744614363,0.45,1.0,-0.06312795780831948,-0.003156397890415974,-0.1402843506851544
appo,3,student,1.5/10001/0,1.5,0.10159572935663164,1.4500000000000002,1.0,-0.5504987323656678,-0.02752493661828339,-0.37965429818321916
flashsac,1,teacher,0.8/10001/0,0.8,0.3209967501461506,0.30000000000000004,1.0,1.4610032886266708,0.07305016443133354,4.8700109620889025
flashsac,1,teacher,0.9/10001/0,0.9,-0.5609280071221292,0.9500000000000001,1.0,-0.08127641573082656,-0.004063820786541328,-0.08555412182192268
flashsac,1,teacher,1/10001/0,1.0,-2.791164508089423,1.35,1.0,0.5190066981303971,0.025950334906519858,0.38444940602251637
flashsac,1,teacher,1.1/10001/0,1.1,0.4974180059507489,0.7000000000000001,1.0,0.6314762646798044,0.03157381323399022,0.9021089495425777
flashsac,1,teacher,1.2/10001/0,1.2,-2.998260755557567,1.6500000000000001,1.0,0.8390247614588588,0.041951238072942945,0.5084998554296114
flashsac,1,teacher,1.3/10001/0,1.3,-0.9412978626787663,0.6000000000000001,1.0,-2.422908680513501,-0.12114543402567506,-4.038181134189168
flashsac,1,teacher,1.4/10001/0,1.4,-0.16002115234732628,0.9500000000000001,1.0,0.14769353391602635,0.007384676695801317,0.15546687780634352
flashsac,1,teacher,1.5/10001/0,1.5,-9.718101436737925,2.0,1.0,0.509648940518673,0.025482447025933653,0.2548244702593365
flashsac,1,student,0.8/10001/0,0.8,0.3903472498059273,0.35000000000000003,1.0,1.3564591920003295,0.06782295960001647,3.8755976914295123
flashsac,1,student,0.9/10001/0,0.9,-0.6370035465806723,1.0,1.0,-0.23391307785641402,-0.011695653892820701,-0.23391307785641402
flashsac,1,student,1/10001/0,1.0,-4.3350626160390675,1.7000000000000002,1.0,0.031837098533287644,0.0015918549266643821,0.018727705019580966
flashsac,1,student,1.1/10001/0,1.1,0.5357373841106892,0.8500000000000001,1.0,0.46402158931596205,0.0232010794657981,0.5459077521364258
flashsac,1,student,1.2/10001/0,1.2,-4.017957104369998,1.9000000000000001,1.0,0.7245176658034325,0.03622588329017162,0.38132508726496445
flashsac,1,student,1.3/10001/0,1.3,-1.0389834642410278,0.7000000000000001,1.0,-2.2935388535261154,-0.11467694267630577,-3.276484076465879
flashsac,1,student,1.4/10001/0,1.4,-0.08706910908222198,1.4000000000000001,1.0,0.1479285115201492,0.0073964255760074595,0.10566322251439227
flashsac,1,student,1.5/10001/0,1.5,-7.010707074776292,2.4000000000000004,1.0,1.3322690822460572,0.06661345411230286,0.5551121176025238
flashsac,2,teacher,0.8/10001/0,0.8,-0.8473865217529237,0.8500000000000001,1.0,0.722335934638977,0.036116796731948855,0.8498069819282082
flashsac,2,teacher,0.9/10001/0,0.9,-3.9771895352751017,1.6500000000000001,1.0,-0.357159212930128,-0.0178579606465064,-0.2164601290485624
flashsac,2,teacher,1/10001/0,1.0,-0.14571470767259598,0.35000000000000003,1.0,0.2883653771132231,0.014418268855661154,0.8239010774663516
flashsac,2,teacher,1.1/10001/0,1.1,-0.2847775951959193,0.65,1.0,0.3943317551165819,0.019716587755829094,0.6066642386408952
flashsac,2,teacher,1.2/10001/0,1.2,-2.4232868384569883,1.6500000000000001,1.0,-0.030313465045765042,-0.001515673252288252,-0.018371796997433357
flashsac,2,teacher,1.3/10001/0,1.3,-0.7667939467355609,0.75,1.0,-0.35652047325856984,-0.017826023662928493,-0.47536063101142645
flashsac,2,teacher,1.4/10001/0,1.4,-2.8004649924114347,1.3,1.0,-1.2891523286234587,-0.06445761643117294,-0.9916556374026605
flashsac,2,teacher,1.5/10001/0,1.5,-2.7274145940318704,1.25,1.0,-1.1678629972448107,-0.058393149862240534,-0.9342903977958485
flashsac,2,student,0.8/10001/0,0.8,-1.307455638423562,1.6500000000000001,1.0,0.7485287759045605,0.03742643879522802,0.4536538035785215
flashsac,2,student,0.9/10001/0,0.9,-5.60863995552063,2.2,1.0,-2.478140497143613,-0.12390702485718066,-1.1264274987016423
flashsac,2,student,1/10001/0,1.0,-0.20752755925059319,0.5,1.0,-0.022287698229774833,-0.0011143849114887416,-0.044575396459549665
flashsac,2,student,1.1/10001/0,1.1,-0.31490736070554703,0.9,1.0,0.6534491274505854,0.03267245637252927,0.726054586056206
flashsac,2,student,1.2/10001/0,1.2,-2.2124600606039166,1.9000000000000001,1.0,-0.08427578854025342,-0.004213789427012671,-0.04435567817908074
flashsac,2,student,1.3/10001/0,1.3,-0.6217478169128299,0.9500000000000001,1.0,-0.21120778034674004,-0.010560389017337002,-0.22232397931235792
flashsac,2,student,1.4/10001/0,1.4,-2.436797664500773,1.9000000000000001,1.0,-0.16852638141426723,-0.008426319070713362,-0.08869809548119327
flashsac,2,student,1.5/10001/0,1.5,-3.947956963442266,2.0,1.0,-1.403687276353594,-0.0701843638176797,-0.701843638176797
flashsac,3,teacher,0.8/10001/0,0.8,-2.9503202261403203,2.0,1.0,0.5687261584680527,0.028436307923402637,0.2843630792340264
flashsac,3,teacher,0.9/10001/0,0.9,-1.5175876822322607,0.9500000000000001,1.0,-1.3020945601165295,-0.06510472800582648,-1.3706258527542414
flashsac,3,teacher,1/10001/0,1.0,-2.4005137914791703,1.6,1.0,-0.17559725904447987,-0.008779862952223993,-0.10974828690279992
flashsac,3,teacher,1.1/10001/0,1.1,-9.242751544341445,2.2,1.0,0.07479257637169212,0.003739628818584606,0.03399662562349642
flashsac,3,teacher,1.2/10001/0,1.2,-5.690681677311659,2.2,1.0,1.77095667028334,0.088547833514167,0.8049803046742453
flashsac,3,teacher,1.3/10001/0,1.3,-0.24137223791331053,1.0,1.0,-0.16344045219011605,-0.008172022609505803,-0.16344045219011605
flashsac,3,teacher,1.4/10001/0,1.4,-0.493280032183975,1.6500000000000001,1.0,0.8362915392499417,0.04181457696249709,0.5068433571211768
flashsac,3,teacher,1.5/10001/0,1.5,-2.3453160813078284,1.6,1.0,0.1072994969872525,0.005364974849362625,0.06706218561703281
flashsac,3,student,0.8/10001/0,0.8,0.6740738311782479,0.65,1.0,1.1504574157297611,0.05752287078648806,1.7699344857380939
flashsac,3,student,0.9/10001/0,0.9,-1.3952929321676493,0.9500000000000001,1.0,-1.5400073383934796,-0.07700036691967398,-1.6210603562036625
flashsac,3,student,1/10001/0,1.0,0.12062273174524307,0.65,1.0,-0.021780700189992785,-0.0010890350094996393,-0.03350876952306582
flashsac,3,student,1.1/10001/0,1.1,-3.554828311316669,2.25,1.0,0.6347405523410998,0.03173702761705499,0.28210691215159994
flashsac,3,student,1.2/10001/0,1.2,-5.07530259154737,2.3000000000000003,1.0,2.0887691646348685,0.10443845823174343,0.9081605063629862
flashsac,3,student,1.3/10001/0,1.3,-0.054067875258624554,1.1500000000000001,1.0,-0.0763241418171674,-0.00381620709085837,-0.0663688189714499
flashsac,3,student,1.4/10001/0,1.4,-0.047069378197193146,1.6500000000000001,1.0,0.8322432006243616,0.04161216003121808,0.5043898185602191
flashsac,3,student,1.5/10001/0,1.5,0.10064257122576237,1.5,1.0,0.42732199968304485,0.021366099984152242,0.2848813331220299
